O_id,O_id_x,O_id_y,D_id,D_id_x,D_id_y,weight,category,19 communities,Modularity: 0.5032514325066196
480291219121,-98.36384997,29.64296565,480291806031,-98.58386359,29.48489968,1.0,2
480291219121,-98.36384997,29.64296565,480299801001,-98.57882482,29.38158441,67.0,2
480291219121,-98.36384997,29.64296565,480291614001,-98.61787251,29.38664342,1.0,2
480291806031,-98.58386359,29.48489968,480291817262,-98.69585105,29.52809978,5.0,2
480291806031,-98.58386359,29.48489968,480291720081,-98.72306734,29.47512379,1.0,2
480291918142,-98.46231983,29.68796002,480291918101,-98.46097305,29.67571885,8.0,15
480291918161,-98.49880974,29.61750826,480291923003,-98.49526387,29.56846614,31.0,4
480291918161,-98.49880974,29.61750826,480291218131,-98.3733466,29.59939254,13.0,4
480291918161,-98.49880974,29.61750826,480291918112,-98.51149047,29.64828883,2.0,4
480291918161,-98.49880974,29.61750826,480291918121,-98.48725953,29.65851703,4.0,4
480291918161,-98.49880974,29.61750826,480291918131,-98.50223145,29.64095391,7.0,4
480291918161,-98.49880974,29.61750826,480291918111,-98.51159022,29.66489843,4.0,4
480291918161,-98.49880974,29.61750826,480291918162,-98.50626173,29.61689978,5.0,4
480291918161,-98.49880974,29.61750826,480291917022,-98.48070841,29.60475591,1.0,4
480291918161,-98.49880974,29.61750826,480291918133,-98.4992066,29.6521595,1.0,4
480291918161,-98.49880974,29.61750826,480291918093,-98.4968602,29.66888475,1.0,4
480291918161,-98.49880974,29.61750826,480291918193,-98.48547576,29.63222878,1.0,4
480291720061,-98.77680706,29.44144354,480291614001,-98.61787251,29.38664342,43.0,2
480291720061,-98.77680706,29.44144354,480299801001,-98.57882482,29.38158441,31.0,2
480291720061,-98.77680706,29.44144354,480291816011,-98.59780842,29.47912346,3.0,2
480291720061,-98.77680706,29.44144354,480291801011,-98.54241391,29.45975806,1.0,2
480291720061,-98.77680706,29.44144354,480291817321,-98.71174534,29.50266091,1.0,2
480291614001,-98.61787251,29.38664342,480291720023,-98.71527664,29.39348671,18.0,2
480291614001,-98.61787251,29.38664342,480291817263,-98.70590363,29.53762523,27.0,2
480291614001,-98.61787251,29.38664342,480291821023,-98.65856371,29.68885757,69.0,2
480291614001,-98.61787251,29.38664342,480291720022,-98.72279562,29.42145263,64.0,2
480291614001,-98.61787251,29.38664342,480291720081,-98.72306734,29.47512379,70.0,2
480291614001,-98.61787251,29.38664342,480291720031,-98.72573757,29.43642839,16.0,2
480291614001,-98.61787251,29.38664342,480291720024,-98.77967167,29.40124974,44.0,2
480291614001,-98.61787251,29.38664342,480291720051,-98.72092043,29.49233108,33.0,2
480291614001,-98.61787251,29.38664342,480291720052,-98.7366498,29.49380488,46.0,2
480291614001,-98.61787251,29.38664342,480291817302,-98.66819805,29.49530599,10.0,2
480291614001,-98.61787251,29.38664342,480291817262,-98.69585105,29.52809978,35.0,2
480291614001,-98.61787251,29.38664342,480291719143,-98.67259566,29.43669743,28.0,2
480291614001,-98.61787251,29.38664342,480291821051,-98.78414514,29.57046702,41.0,2
480291614001,-98.61787251,29.38664342,480291817312,-98.67892418,29.50290533,5.0,2
480291614001,-98.61787251,29.38664342,480291719173,-98.69547613,29.44157335,1.0,2
480291614001,-98.61787251,29.38664342,480291314014,-98.38544738,29.37968343,35.0,2
480291614001,-98.61787251,29.38664342,480291817233,-98.68117878,29.52379744,12.0,2
480291614001,-98.61787251,29.38664342,480291720032,-98.71876841,29.44410913,9.0,2
480291614001,-98.61787251,29.38664342,480291918063,-98.53082395,29.61200304,19.0,2
480291614001,-98.61787251,29.38664342,480291719191,-98.68610208,29.39109916,32.0,2
480291614001,-98.61787251,29.38664342,480291817033,-98.65630686,29.5245256,32.0,2
480291614001,-98.61787251,29.38664342,480291219051,-98.41614117,29.65511972,24.0,2
480291614001,-98.61787251,29.38664342,480291618011,-98.64968878,29.38757215,68.0,2
480291614001,-98.61787251,29.38664342,480291720092,-98.72481466,29.45401278,49.0,2
480291614001,-98.61787251,29.38664342,480291818081,-98.5979668,29.53773175,7.0,2
480291614001,-98.61787251,29.38664342,480291719271,-98.66503304,29.43456852,4.0,2
480291614001,-98.61787251,29.38664342,480291821062,-98.7202094,29.55031997,14.0,2
480291614001,-98.61787251,29.38664342,480291817163,-98.68852773,29.51599067,4.0,2
480291614001,-98.61787251,29.38664342,480291818261,-98.63445306,29.55130624,4.0,2
480291614001,-98.61787251,29.38664342,480291817292,-98.73623292,29.52352739,46.0,2
480291614001,-98.61787251,29.38664342,480291817153,-98.68528714,29.49965754,6.0,2
480291614001,-98.61787251,29.38664342,480291720063,-98.78873277,29.48470322,11.0,2
480291614001,-98.61787251,29.38664342,480291720041,-98.75990268,29.48737267,15.0,2
480291614001,-98.61787251,29.38664342,480291817311,-98.67249521,29.50484855,6.0,2
480291614001,-98.61787251,29.38664342,480291720021,-98.7461384,29.3931197,5.0,2
480291614001,-98.61787251,29.38664342,480291720094,-98.74371238,29.43441673,4.0,2
480291614001,-98.61787251,29.38664342,480291917011,-98.48474529,29.58213638,13.0,2
480291614001,-98.61787251,29.38664342,480291821021,-98.64225721,29.66911793,1.0,2
480291614001,-98.61787251,29.38664342,480291719201,-98.67061449,29.4137007,1.0,2
480291614001,-98.61787251,29.38664342,480291207022,-98.46849751,29.50192032,7.0,2
480291719161,-98.70438695,29.4195611,480291719132,-98.67208354,29.42930442,27.0,8
480291719161,-98.70438695,29.4195611,480291719221,-98.68839564,29.41132398,8.0,8
480291719161,-98.70438695,29.4195611,480291204013,-98.44336847,29.46689225,3.0,8
480291719161,-98.70438695,29.4195611,480291719162,-98.69228027,29.42210375,1.0,8
480291719161,-98.70438695,29.4195611,480291719184,-98.68550311,29.44220349,1.0,8
480291719161,-98.70438695,29.4195611,480291719211,-98.69714258,29.39244521,6.0,8
480291719161,-98.70438695,29.4195611,480291717003,-98.63735062,29.4207473,1.0,8
480291719161,-98.70438695,29.4195611,480291719182,-98.68238563,29.44591145,3.0,8
480291218024,-98.35664175,29.56159665,480291215011,-98.3558846,29.54672102,8.0,14
480291218024,-98.35664175,29.56159665,480291517001,-98.48847636,29.32690844,15.0,14
480291218024,-98.35664175,29.56159665,480291912021,-98.50942567,29.53332948,1.0,14
480291918065,-98.54603572,29.61095824,480291914054,-98.54924812,29.59139689,3.0,3
480291918065,-98.54603572,29.61095824,480291918072,-98.58139828,29.61150958,5.0,3
480291914054,-98.54924812,29.59139689,480291219092,-98.33491598,29.59502649,15.0,3
480291914054,-98.54924812,29.59139689,480291915041,-98.56503752,29.58857746,20.0,3
480291914054,-98.54924812,29.59139689,480291219123,-98.42748374,29.66541686,1.0,3
480291914054,-98.54924812,29.59139689,480291218092,-98.37880205,29.58016398,7.0,3
480291914054,-98.54924812,29.59139689,480291819021,-98.6389696,29.64310621,1.0,3
480291914054,-98.54924812,29.59139689,480291918073,-98.60713987,29.64261148,1.0,3
480291914054,-98.54924812,29.59139689,480291914062,-98.52803001,29.600976,2.0,3
480291821051,-98.78414514,29.57046702,480299801001,-98.57882482,29.38158441,45.0,2
480291821051,-98.78414514,29.57046702,480291719203,-98.67246549,29.39974823,20.0,2
480291821051,-98.78414514,29.57046702,480291817321,-98.71174534,29.50266091,55.0,2
480291821051,-98.78414514,29.57046702,480291816011,-98.59780842,29.47912346,1.0,2
480291821051,-98.78414514,29.57046702,480291817152,-98.68538679,29.49320433,2.0,2
480291821051,-98.78414514,29.57046702,480291505022,-98.52058634,29.37277956,1.0,2
480299801001,-98.57882482,29.38158441,480291720041,-98.75990268,29.48737267,63.0,2
480299801001,-98.57882482,29.38158441,480291817292,-98.73623292,29.52352739,64.0,2
480299801001,-98.57882482,29.38158441,480291817302,-98.66819805,29.49530599,60.0,2
480299801001,-98.57882482,29.38158441,480291720031,-98.72573757,29.43642839,6.0,2
480299801001,-98.57882482,29.38158441,480291720063,-98.78873277,29.48470322,51.0,2
480299801001,-98.57882482,29.38158441,480291720024,-98.77967167,29.40124974,39.0,2
480299801001,-98.57882482,29.38158441,480291719173,-98.69547613,29.44157335,23.0,2
480299801001,-98.57882482,29.38158441,480291406002,-98.44586878,29.38821426,29.0,2
480299801001,-98.57882482,29.38158441,481872107071,-98.28947878,29.57085041,26.0,2
480299801001,-98.57882482,29.38158441,480291821061,-98.71935422,29.59328143,46.0,2
480299801001,-98.57882482,29.38158441,480291719191,-98.68610208,29.39109916,24.0,2
480299801001,-98.57882482,29.38158441,480291720023,-98.71527664,29.39348671,49.0,2
480299801001,-98.57882482,29.38158441,480291817311,-98.67249521,29.50484855,14.0,2
480299801001,-98.57882482,29.38158441,480291720081,-98.72306734,29.47512379,51.0,2
480299801001,-98.57882482,29.38158441,480291821023,-98.65856371,29.68885757,11.0,2
480299801001,-98.57882482,29.38158441,480291818081,-98.5979668,29.53773175,1.0,2
480299801001,-98.57882482,29.38158441,480291720022,-98.72279562,29.42145263,32.0,2
480299801001,-98.57882482,29.38158441,480291817163,-98.68852773,29.51599067,6.0,2
480299801001,-98.57882482,29.38158441,480291720021,-98.7461384,29.3931197,9.0,2
480299801001,-98.57882482,29.38158441,480291817262,-98.69585105,29.52809978,39.0,2
480299801001,-98.57882482,29.38158441,480291720051,-98.72092043,29.49233108,47.0,2
480299801001,-98.57882482,29.38158441,480291821062,-98.7202094,29.55031997,35.0,2
480299801001,-98.57882482,29.38158441,480291314014,-98.38544738,29.37968343,1.0,2
480299801001,-98.57882482,29.38158441,480291821021,-98.64225721,29.66911793,9.0,2
480299801001,-98.57882482,29.38158441,480291618011,-98.64968878,29.38757215,3.0,2
480299801001,-98.57882482,29.38158441,480291219061,-98.44900811,29.6182356,12.0,2
480299801001,-98.57882482,29.38158441,480291719271,-98.66503304,29.43456852,18.0,2
480299801001,-98.57882482,29.38158441,480291807025,-98.59224144,29.49396767,11.0,2
480299801001,-98.57882482,29.38158441,480291720052,-98.7366498,29.49380488,11.0,2
480299801001,-98.57882482,29.38158441,480291213004,-98.37599927,29.51664921,15.0,2
480299801001,-98.57882482,29.38158441,480291516002,-98.48853353,29.34061505,8.0,2
480299801001,-98.57882482,29.38158441,480291917011,-98.48474529,29.58213638,2.0,2
480299801001,-98.57882482,29.38158441,480291720092,-98.72481466,29.45401278,5.0,2
480299801001,-98.57882482,29.38158441,480291219051,-98.41614117,29.65511972,4.0,2
480299801001,-98.57882482,29.38158441,480291817263,-98.70590363,29.53762523,1.0,2
480291215045,-98.36344887,29.52326198,480291213001,-98.37748204,29.52645983,1.0,1
480291215045,-98.36344887,29.52326198,480291215013,-98.34201939,29.53134145,3.0,1
480291817292,-98.73623292,29.52352739,480291616001,-98.63430826,29.37488891,5.0,2
480291817292,-98.73623292,29.52352739,480291817321,-98.71174534,29.50266091,33.0,2
480291817292,-98.73623292,29.52352739,480291816011,-98.59780842,29.47912346,1.0,2
480291819012,-98.61365664,29.60296824,480291918081,-98.47081503,29.6582046,1.0,3
480291819012,-98.61365664,29.60296824,480291821011,-98.64366821,29.70592762,6.0,3
480291819012,-98.61365664,29.60296824,480291820023,-98.6560814,29.58816945,1.0,3
480291819012,-98.61365664,29.60296824,480291817161,-98.69546819,29.5033262,4.0,3
480291819012,-98.61365664,29.60296824,480291819022,-98.65967641,29.65848817,1.0,3
480291819012,-98.61365664,29.60296824,480291218124,-98.35864119,29.59325643,1.0,3
480291819012,-98.61365664,29.60296824,480291820032,-98.64359739,29.61407765,2.0,3
480291819012,-98.61365664,29.60296824,480291821031,-98.73846401,29.66534124,11.0,3
480291819012,-98.61365664,29.60296824,480291219092,-98.33491598,29.59502649,2.0,3
480291819012,-98.61365664,29.60296824,480291918041,-98.48186478,29.72375457,1.0,3
480291819012,-98.61365664,29.60296824,480291820021,-98.66859614,29.61278153,1.0,3
480291819012,-98.61365664,29.60296824,480291915041,-98.56503752,29.58857746,2.0,3
480291819022,-98.65967641,29.65848817,480291918072,-98.58139828,29.61150958,3.0,3
480291819022,-98.65967641,29.65848817,480291918071,-98.62197732,29.66519822,1.0,3
480291719123,-98.69443522,29.47889747,480291219091,-98.324019,29.58144073,38.0,12
480291719123,-98.69443522,29.47889747,480291218021,-98.34468322,29.56705158,6.0,12
480291719123,-98.69443522,29.47889747,480291719212,-98.70116081,29.3980862,33.0,12
480291719123,-98.69443522,29.47889747,480291817041,-98.6409898,29.51500742,27.0,12
480291719123,-98.69443522,29.47889747,480291817242,-98.67773997,29.55036325,2.0,12
480291719123,-98.69443522,29.47889747,480291817121,-98.6574011,29.49647018,2.0,12
480291918081,-98.47081503,29.6582046,480291719181,-98.70156648,29.46216858,24.0,3
480291918101,-98.46097305,29.67571885,480291917012,-98.49703649,29.58602334,19.0,15
480291918101,-98.46097305,29.67571885,480291219082,-98.44373667,29.70324981,9.0,15
480291921001,-98.49676209,29.41547429,480291407001,-98.4519409,29.38803743,39.0,1
480291921001,-98.49676209,29.41547429,480291316153,-98.34549369,29.45810787,2.0,1
480291921001,-98.49676209,29.41547429,480291921002,-98.4915036,29.40280721,2.0,1
480291921001,-98.49676209,29.41547429,480291720093,-98.74578988,29.45004235,11.0,1
480291921001,-98.49676209,29.41547429,480291919001,-98.47704049,29.42730965,1.0,1
480291921001,-98.49676209,29.41547429,480291612001,-98.6078407,29.29840691,2.0,1
480291921001,-98.49676209,29.41547429,480291318021,-98.33564759,29.41692799,1.0,1
480291817291,-98.74097643,29.51270968,480291817031,-98.65282928,29.5357976,4.0,5
480291817291,-98.74097643,29.51270968,480291814041,-98.58444186,29.52870974,6.0,5
480291817291,-98.74097643,29.51270968,480291810012,-98.54554002,29.51027721,2.0,5
480291817291,-98.74097643,29.51270968,480291817322,-98.70185961,29.51348848,19.0,5
480291817291,-98.74097643,29.51270968,480291817052,-98.61587871,29.48424935,1.0,5
480291817291,-98.74097643,29.51270968,480291818181,-98.60870268,29.52695336,1.0,5
480291720051,-98.72092043,29.49233108,480291719272,-98.66020979,29.42534502,3.0,2
480291720051,-98.72092043,29.49233108,480291616001,-98.63430826,29.37488891,8.0,2
480291720051,-98.72092043,29.49233108,480291817321,-98.71174534,29.50266091,19.0,2
480291720051,-98.72092043,29.49233108,480291814032,-98.5829018,29.52387852,1.0,2
480291719272,-98.66020979,29.42534502,480291720031,-98.72573757,29.43642839,7.0,2
480291719272,-98.66020979,29.42534502,480291720041,-98.75990268,29.48737267,1.0,2
480291719272,-98.66020979,29.42534502,480291720063,-98.78873277,29.48470322,1.0,2
480291719272,-98.66020979,29.42534502,480291821062,-98.7202094,29.55031997,1.0,2
480291719272,-98.66020979,29.42534502,480291719201,-98.67061449,29.4137007,1.0,2
480291719272,-98.66020979,29.42534502,480291719271,-98.66503304,29.43456852,1.0,2
480291918043,-98.49822215,29.69775657,480291801022,-98.54174672,29.46613933,3.0,13
480291918043,-98.49822215,29.69775657,480291217013,-98.2939584,29.55230477,21.0,13
480291918043,-98.49822215,29.69775657,480291806044,-98.57429155,29.47749604,4.0,13
480291817113,-98.65279981,29.51402724,480291817053,-98.61434555,29.47618822,21.0,12
480291817113,-98.65279981,29.51402724,480291817043,-98.62735796,29.49192157,3.0,12
480291818171,-98.61311652,29.51620572,480291818172,-98.62095821,29.50803633,18.0,7
480291821031,-98.73846401,29.66534124,480291819023,-98.62693696,29.62656759,8.0,3
480291821031,-98.73846401,29.66534124,480291918072,-98.58139828,29.61150958,3.0,3
480291817043,-98.62735796,29.49192157,480291817241,-98.69250959,29.55116597,10.0,12
480291817043,-98.62735796,29.49192157,480291817041,-98.6409898,29.51500742,17.0,12
480291817043,-98.62735796,29.49192157,480291816021,-98.6181914,29.45774582,7.0,12
480291817043,-98.62735796,29.49192157,480291818182,-98.61331384,29.53511381,1.0,12
480291817043,-98.62735796,29.49192157,480291817201,-98.66562406,29.53556408,2.0,12
480291618012,-98.64278023,29.37610511,480291821011,-98.64366821,29.70592762,6.0,3
480291219111,-98.41691123,29.68054588,480291817052,-98.61587871,29.48424935,25.0,5
480291219111,-98.41691123,29.68054588,480291507006,-98.50122554,29.3790612,1.0,5
480291219111,-98.41691123,29.68054588,480291211171,-98.46074493,29.59851165,14.0,5
480291219111,-98.41691123,29.68054588,480291810012,-98.54554002,29.51027721,9.0,5
480291814022,-98.58395179,29.51460219,480291917024,-98.4885437,29.59637723,10.0,1
480291814022,-98.58395179,29.51460219,480291821012,-98.66030819,29.73516253,12.0,1
480291814022,-98.58395179,29.51460219,480291918141,-98.46661257,29.70278387,9.0,1
480291814022,-98.58395179,29.51460219,480291316153,-98.34549369,29.45810787,32.0,1
480291814022,-98.58395179,29.51460219,480291720093,-98.74578988,29.45004235,30.0,1
480291814022,-98.58395179,29.51460219,480291915051,-98.5606701,29.55884482,21.0,1
480291814022,-98.58395179,29.51460219,480291817212,-98.67722374,29.538451,12.0,1
480291814022,-98.58395179,29.51460219,480291815054,-98.59742938,29.49591163,12.0,1
480291814022,-98.58395179,29.51460219,480291316161,-98.32147678,29.48096425,1.0,1
480291814022,-98.58395179,29.51460219,480291318021,-98.33564759,29.41692799,8.0,1
480291814022,-98.58395179,29.51460219,480291817133,-98.6515883,29.48588008,6.0,1
480291817131,-98.64689438,29.49380834,480291810012,-98.54554002,29.51027721,6.0,5
480291817131,-98.64689438,29.49380834,480291818192,-98.60086027,29.56729765,20.0,5
480291817131,-98.64689438,29.49380834,480291814041,-98.58444186,29.52870974,5.0,5
480291810012,-98.54554002,29.51027721,480291719172,-98.70100225,29.44254479,19.0,5
480291810012,-98.54554002,29.51027721,480291619023,-98.71487897,29.35264467,21.0,5
480291810012,-98.54554002,29.51027721,480291211241,-98.46326001,29.56913684,1.0,5
480291810012,-98.54554002,29.51027721,480291812005,-98.54604458,29.5383277,1.0,5
480291810012,-98.54554002,29.51027721,480291817252,-98.62963799,29.47311825,1.0,5
480291810012,-98.54554002,29.51027721,480291811004,-98.55157025,29.51847934,1.0,5
480291720023,-98.71527664,29.39348671,480291816011,-98.59780842,29.47912346,3.0,2
480291720023,-98.71527664,29.39348671,480291810033,-98.5609489,29.52262913,1.0,2
480291821023,-98.65856371,29.68885757,480291906032,-98.50357761,29.47032251,1.0,2
480291818131,-98.57894183,29.55001574,480291914132,-98.52843733,29.58423084,10.0,5
480291818131,-98.57894183,29.55001574,480291817252,-98.62963799,29.47311825,19.0,5
480291818131,-98.57894183,29.55001574,480291915031,-98.56812603,29.56579423,6.0,5
480291818131,-98.57894183,29.55001574,480291211241,-98.46326001,29.56913684,3.0,5
480291818131,-98.57894183,29.55001574,480291813023,-98.56734475,29.5437907,1.0,5
480291818131,-98.57894183,29.55001574,480291812004,-98.53597436,29.52704544,1.0,5
480291818131,-98.57894183,29.55001574,480291818162,-98.60716391,29.55409366,6.0,5
480291818131,-98.57894183,29.55001574,480291812005,-98.54604458,29.5383277,3.0,5
480291215014,-98.35212408,29.54090446,480291216062,-98.33231111,29.56016709,11.0,3
480291519001,-98.47140297,29.31887173,480291619023,-98.71487897,29.35264467,3.0,5
480291918191,-98.46663298,29.63578319,480291918072,-98.58139828,29.61150958,5.0,3
480291914062,-98.52803001,29.600976,480291818203,-98.6069529,29.57580774,12.0,3
480291914062,-98.52803001,29.600976,480291918072,-98.58139828,29.61150958,4.0,3
480291818141,-98.59147346,29.57875154,480291201001,-98.43712086,29.46114619,8.0,9
480291818141,-98.59147346,29.57875154,480291719234,-98.65197092,29.45476403,23.0,9
480291818141,-98.59147346,29.57875154,480291915033,-98.57184753,29.57714289,11.0,9
480291818141,-98.59147346,29.57875154,480291918082,-98.45913585,29.65540917,17.0,9
480291818141,-98.59147346,29.57875154,480291817261,-98.70715713,29.52991165,4.0,9
480291818141,-98.59147346,29.57875154,480291910061,-98.51354391,29.49082048,1.0,9
480291818141,-98.59147346,29.57875154,480291914121,-98.53680169,29.59184299,1.0,9
480291818141,-98.59147346,29.57875154,480291904002,-98.48776762,29.46192272,3.0,9
480291818141,-98.59147346,29.57875154,480291817271,-98.6413674,29.47222235,1.0,9
480291821012,-98.66030819,29.73516253,480291922001,-98.43981305,29.34277775,8.0,1
480291922001,-98.43981305,29.34277775,480291817203,-98.66174342,29.54137013,8.0,1
480291922001,-98.43981305,29.34277775,480291316161,-98.32147678,29.48096425,25.0,1
480291922001,-98.43981305,29.34277775,480291210001,-98.43982396,29.5313134,7.0,1
480291922001,-98.43981305,29.34277775,480291313004,-98.40164877,29.40377382,1.0,1
480291918182,-98.48481748,29.62231808,480291801016,-98.54327205,29.46279479,1.0,10
480291801016,-98.54327205,29.46279479,480291801021,-98.52981901,29.46510667,1.0,10
480291219091,-98.324019,29.58144073,480291809023,-98.53004314,29.51044906,16.0,12
480291219091,-98.324019,29.58144073,480291316163,-98.34242459,29.49300497,12.0,12
480291219091,-98.324019,29.58144073,480291216011,-98.32006974,29.55406639,14.0,12
480291918092,-98.48556661,29.70120883,480291205032,-98.42151211,29.49034781,2.0,11
480291918092,-98.48556661,29.70120883,480291207012,-98.47288911,29.51249936,1.0,11
480913108011,-98.33581875,29.66292443,480291404002,-98.46451323,29.39362853,1.0,13
480913108011,-98.33581875,29.66292443,480291217013,-98.2939584,29.55230477,4.0,13
480913108011,-98.33581875,29.66292443,480291316102,-98.31384965,29.49719406,14.0,13
480913108011,-98.33581875,29.66292443,480291404001,-98.46452729,29.39938802,2.0,13
480913108011,-98.33581875,29.66292443,480291312002,-98.41340915,29.39207136,4.0,13
480291404002,-98.46451323,29.39362853,480291203012,-98.46190981,29.47805049,1.0,13
480291818252,-98.65115513,29.55303343,480291918181,-98.47448318,29.62037803,19.0,4
480291818252,-98.65115513,29.55303343,480291809011,-98.54008219,29.48916908,11.0,4
480291918181,-98.47448318,29.62037803,480291914061,-98.52071356,29.5922232,5.0,4
480291918181,-98.47448318,29.62037803,480291918111,-98.51159022,29.66489843,16.0,4
480291918181,-98.47448318,29.62037803,480913107031,-98.40135283,29.77157449,4.0,4
480291918181,-98.47448318,29.62037803,480291719133,-98.66926384,29.42213666,3.0,4
480291918181,-98.47448318,29.62037803,480291219052,-98.43511891,29.65153694,6.0,4
480291918181,-98.47448318,29.62037803,480291918112,-98.51149047,29.64828883,9.0,4
480291918181,-98.47448318,29.62037803,480291923003,-98.49526387,29.56846614,1.0,4
480291918181,-98.47448318,29.62037803,480291219042,-98.43579771,29.64093076,2.0,4
480291918181,-98.47448318,29.62037803,480291917022,-98.48070841,29.60475591,5.0,4
480291918181,-98.47448318,29.62037803,480291219032,-98.43618678,29.6213617,9.0,4
480291918181,-98.47448318,29.62037803,480291923001,-98.49257241,29.55429029,3.0,4
480291918181,-98.47448318,29.62037803,480291918193,-98.48547576,29.63222878,3.0,4
480291918181,-98.47448318,29.62037803,480291912011,-98.50413723,29.54371836,1.0,4
480291918181,-98.47448318,29.62037803,480291218091,-98.38747888,29.57516403,5.0,4
480291918181,-98.47448318,29.62037803,480291219031,-98.42648554,29.62115625,4.0,4
480291918181,-98.47448318,29.62037803,480291918102,-98.47235822,29.6755607,1.0,4
480291918181,-98.47448318,29.62037803,480291914063,-98.51494351,29.59990274,1.0,4
480291918181,-98.47448318,29.62037803,480291918093,-98.4968602,29.66888475,1.0,4
480291918181,-98.47448318,29.62037803,480291211193,-98.45659821,29.55420502,8.0,4
480291918181,-98.47448318,29.62037803,480291918131,-98.50223145,29.64095391,1.0,4
480291918181,-98.47448318,29.62037803,480291918151,-98.512188,29.6289716,1.0,4
481872107073,-98.2996033,29.58623932,480291316151,-98.35942286,29.48388396,6.0,1
481872107073,-98.2996033,29.58623932,480291318022,-98.2685432,29.44780136,1.0,1
481872107073,-98.2996033,29.58623932,480291216013,-98.30331485,29.54412298,6.0,1
481872107073,-98.2996033,29.58623932,480291316091,-98.32938426,29.50520467,2.0,1
481872107073,-98.2996033,29.58623932,480291216012,-98.3125169,29.55158236,7.0,1
480291817331,-98.71609253,29.51628152,480299800031,-98.66520521,29.36914806,7.0,3
480291817331,-98.71609253,29.51628152,480291719181,-98.70156648,29.46216858,17.0,3
480291817331,-98.71609253,29.51628152,480291818203,-98.6069529,29.57580774,15.0,3
480299800031,-98.66520521,29.36914806,480291817181,-98.66515886,29.52607185,20.0,3
480299800031,-98.66520521,29.36914806,480291821011,-98.64366821,29.70592762,28.0,3
480299800031,-98.66520521,29.36914806,480291719163,-98.69778911,29.43159766,18.0,3
480299800031,-98.66520521,29.36914806,480291821022,-98.68273108,29.71810229,1.0,3
480291719035,-98.65936845,29.41439046,480291719201,-98.67061449,29.4137007,4.0,2
480291719035,-98.65936845,29.41439046,480291720022,-98.72279562,29.42145263,2.0,2
480291719035,-98.65936845,29.41439046,480291719271,-98.66503304,29.43456852,1.0,2
480291211241,-98.46326001,29.56913684,480291512001,-98.54225862,29.32506392,1.0,5
480291211241,-98.46326001,29.56913684,480291811001,-98.55389017,29.53496126,1.0,5
480291211163,-98.4622578,29.58189864,480291714012,-98.59520776,29.43888895,3.0,5
480291714012,-98.59520776,29.43888895,480291717005,-98.64625838,29.4243514,11.0,5
480291714012,-98.59520776,29.43888895,480291905013,-98.51970816,29.45638898,2.0,5
480291714012,-98.59520776,29.43888895,480291817032,-98.64556498,29.52505226,11.0,5
480291714012,-98.59520776,29.43888895,480291619023,-98.71487897,29.35264467,3.0,5
480291720041,-98.75990268,29.48737267,480291616001,-98.63430826,29.37488891,22.0,2
480291720041,-98.75990268,29.48737267,480291817321,-98.71174534,29.50266091,5.0,2
480291720041,-98.75990268,29.48737267,480291605023,-98.54090979,29.40547453,3.0,2
480291720041,-98.75990268,29.48737267,480291816011,-98.59780842,29.47912346,5.0,2
480291720041,-98.75990268,29.48737267,480291205022,-98.40295847,29.50690797,1.0,2
480291720041,-98.75990268,29.48737267,480291815062,-98.61219156,29.49520834,1.0,2
480291514003,-98.51130207,29.34536656,480291517001,-98.48847636,29.32690844,11.0,14
480291514003,-98.51130207,29.34536656,480291519002,-98.48638729,29.29162038,1.0,14
480291219122,-98.40158727,29.66459705,480291206021,-98.44774127,29.48733022,35.0,7
480291219122,-98.40158727,29.66459705,480291902003,-98.48744097,29.45495176,1.0,7
480291219122,-98.40158727,29.66459705,480291110003,-98.474658,29.44254282,8.0,7
480291316082,-98.30085709,29.5185053,480291814042,-98.59377376,29.52323988,17.0,6
480291316082,-98.30085709,29.5185053,480291216051,-98.33632781,29.54398324,2.0,6
480291316082,-98.30085709,29.5185053,480291314021,-98.38203493,29.39278485,4.0,6
480291814042,-98.59377376,29.52323988,480291817314,-98.66539314,29.50572505,19.0,6
480291814042,-98.59377376,29.52323988,480291820025,-98.66660471,29.57605216,23.0,6
480291814042,-98.59377376,29.52323988,480291811003,-98.54607544,29.52575897,11.0,6
480291814042,-98.59377376,29.52323988,480291817183,-98.67945345,29.53085661,1.0,6
480291814042,-98.59377376,29.52323988,480291817223,-98.66622733,29.51443221,1.0,6
480291205024,-98.41864497,29.49871392,480291719242,-98.66605625,29.4516075,10.0,8
480291719232,-98.6606894,29.45148696,480291213002,-98.39135198,29.5160674,17.0,11
480291719232,-98.6606894,29.45148696,480291215044,-98.35273561,29.52529059,27.0,11
480291719182,-98.68238563,29.44591145,480291719281,-98.6660538,29.46628726,18.0,8
480291719182,-98.68238563,29.44591145,480291719171,-98.70777557,29.44207611,2.0,8
480291719182,-98.68238563,29.44591145,480291719141,-98.67809801,29.4305092,5.0,8
480291817161,-98.69546819,29.5033262,480291918072,-98.58139828,29.61150958,3.0,3
480291817161,-98.69546819,29.5033262,480291817151,-98.68367358,29.50733778,19.0,3
480291817161,-98.69546819,29.5033262,480291818203,-98.6069529,29.57580774,2.0,3
480291817161,-98.69546819,29.5033262,480291719181,-98.70156648,29.46216858,1.0,3
480291818241,-98.63271791,29.56509674,480291815053,-98.6024812,29.49764568,3.0,6
480291818241,-98.63271791,29.56509674,480291818194,-98.62020973,29.56284011,2.0,6
480291818241,-98.63271791,29.56509674,480291818251,-98.6596339,29.55327728,2.0,6
480291817263,-98.70590363,29.53762523,480291616001,-98.63430826,29.37488891,9.0,2
480291817263,-98.70590363,29.53762523,480291801012,-98.5302916,29.45655167,1.0,2
480291817263,-98.70590363,29.53762523,480291817321,-98.71174534,29.50266091,1.0,2
480291208006,-98.43836031,29.50057405,480291706001,-98.54460138,29.45270713,6.0,7
480291208006,-98.43836031,29.50057405,480291110003,-98.474658,29.44254282,1.0,7
480291208006,-98.43836031,29.50057405,480291206021,-98.44774127,29.48733022,6.0,7
480291817202,-98.66367571,29.54252685,480291818251,-98.6596339,29.55327728,4.0,6
480291817321,-98.71174534,29.50266091,480291719201,-98.67061449,29.4137007,30.0,2
480291817321,-98.71174534,29.50266091,480291720022,-98.72279562,29.42145263,38.0,2
480291817321,-98.71174534,29.50266091,480291314014,-98.38544738,29.37968343,1.0,2
480291817321,-98.71174534,29.50266091,480291720052,-98.7366498,29.49380488,9.0,2
480291817321,-98.71174534,29.50266091,480291719151,-98.68366368,29.42308621,26.0,2
480291817321,-98.71174534,29.50266091,480291817262,-98.69585105,29.52809978,14.0,2
480291817321,-98.71174534,29.50266091,480291720081,-98.72306734,29.47512379,12.0,2
480291817321,-98.71174534,29.50266091,480291817311,-98.67249521,29.50484855,1.0,2
480291817321,-98.71174534,29.50266091,480291720021,-98.7461384,29.3931197,23.0,2
480291817321,-98.71174534,29.50266091,480291817233,-98.68117878,29.52379744,6.0,2
480291817321,-98.71174534,29.50266091,480291720092,-98.72481466,29.45401278,1.0,2
480291817321,-98.71174534,29.50266091,480291720024,-98.77967167,29.40124974,1.0,2
480291817321,-98.71174534,29.50266091,480291817163,-98.68852773,29.51599067,1.0,2
480291817321,-98.71174534,29.50266091,480291821062,-98.7202094,29.55031997,3.0,2
480291817321,-98.71174534,29.50266091,480291719271,-98.66503304,29.43456852,7.0,2
480291817321,-98.71174534,29.50266091,480291817153,-98.68528714,29.49965754,1.0,2
480291201001,-98.43712086,29.46114619,480291110002,-98.46886788,29.43840769,6.0,9
480291201001,-98.43712086,29.46114619,480291817332,-98.71209499,29.50913852,3.0,9
480291201001,-98.43712086,29.46114619,480291818231,-98.63882087,29.57724709,4.0,9
480291201001,-98.43712086,29.46114619,480291914091,-98.52157765,29.54736201,1.0,9
480291201001,-98.43712086,29.46114619,480291618021,-98.66158799,29.34327666,2.0,9
480291201001,-98.43712086,29.46114619,480291920002,-98.47178608,29.45029867,4.0,9
480291201001,-98.43712086,29.46114619,480291305002,-98.45692787,29.42349715,4.0,9
480291201001,-98.43712086,29.46114619,480291918152,-98.50151243,29.63069988,2.0,9
480291616001,-98.63430826,29.37488891,480291618011,-98.64968878,29.38757215,7.0,2
480291616001,-98.63430826,29.37488891,480291817302,-98.66819805,29.49530599,4.0,2
480291616001,-98.63430826,29.37488891,480291720024,-98.77967167,29.40124974,1.0,2
480291616001,-98.63430826,29.37488891,480291719201,-98.67061449,29.4137007,2.0,2
480291616001,-98.63430826,29.37488891,480291821062,-98.7202094,29.55031997,1.0,2
480291616001,-98.63430826,29.37488891,480291719191,-98.68610208,29.39109916,1.0,2
480291820011,-98.66690889,29.56370887,480291815031,-98.60384394,29.50909609,1.0,9
480291820011,-98.66690889,29.56370887,480291818231,-98.63882087,29.57724709,10.0,9
480291820011,-98.66690889,29.56370887,480291907001,-98.49526393,29.48342078,1.0,9
480291820011,-98.66690889,29.56370887,480291618021,-98.66158799,29.34327666,1.0,9
480291820011,-98.66690889,29.56370887,480291604001,-98.54579633,29.39592468,1.0,9
480291720081,-98.72306734,29.47512379,480291816011,-98.59780842,29.47912346,1.0,2
480291720081,-98.72306734,29.47512379,480291817051,-98.62257086,29.48418233,1.0,2
480291719174,-98.69049154,29.44082855,480291719183,-98.67322198,29.44294252,1.0,8
480291219102,-98.40754082,29.64025602,480291607013,-98.57083774,29.40278209,7.0,17
480291211192,-98.44515421,29.5676072,480291211212,-98.43717572,29.57971955,2.0,4
480291211192,-98.44515421,29.5676072,480291211193,-98.45659821,29.55420502,6.0,4
480291211192,-98.44515421,29.5676072,480291923001,-98.49257241,29.55429029,4.0,4
480291211192,-98.44515421,29.5676072,480291219041,-98.45138507,29.63306319,1.0,4
480291817203,-98.66174342,29.54137013,480291817132,-98.6407525,29.48379058,3.0,1
480291821011,-98.64366821,29.70592762,480291818203,-98.6069529,29.57580774,3.0,3
480291821011,-98.64366821,29.70592762,480291816022,-98.60634834,29.46356766,24.0,3
480291821011,-98.64366821,29.70592762,480291918072,-98.58139828,29.61150958,40.0,3
480291821011,-98.64366821,29.70592762,480291918071,-98.62197732,29.66519822,5.0,3
480291821011,-98.64366821,29.70592762,480291818111,-98.63296581,29.52207074,4.0,3
480291821011,-98.64366821,29.70592762,480291719181,-98.70156648,29.46216858,1.0,3
480291821011,-98.64366821,29.70592762,480291216062,-98.33231111,29.56016709,5.0,3
480291821011,-98.64366821,29.70592762,480291819023,-98.62693696,29.62656759,3.0,3
480291218082,-98.38635387,29.58619744,480291210002,-98.43789402,29.53831635,4.0,11
480291218082,-98.38635387,29.58619744,480291213002,-98.39135198,29.5160674,3.0,11
480291817052,-98.61587871,29.48424935,480291817252,-98.62963799,29.47311825,9.0,5
480291817052,-98.61587871,29.48424935,480291818264,-98.63820915,29.55153539,1.0,5
480291820032,-98.64359739,29.61407765,480291819023,-98.62693696,29.62656759,7.0,3
480291820032,-98.64359739,29.61407765,480291918072,-98.58139828,29.61150958,4.0,3
480291820032,-98.64359739,29.61407765,480291216062,-98.33231111,29.56016709,4.0,3
480291820032,-98.64359739,29.61407765,480291818203,-98.6069529,29.57580774,2.0,3
480291819023,-98.62693696,29.62656759,480291915041,-98.56503752,29.58857746,2.0,3
480291819023,-98.62693696,29.62656759,480291819021,-98.6389696,29.64310621,9.0,3
480291819023,-98.62693696,29.62656759,480291918073,-98.60713987,29.64261148,4.0,3
480291819023,-98.62693696,29.62656759,480291821022,-98.68273108,29.71810229,9.0,3
480291819023,-98.62693696,29.62656759,480291821013,-98.62934152,29.73131173,26.0,3
480291819023,-98.62693696,29.62656759,480291820031,-98.63970278,29.59664835,6.0,3
480291819023,-98.62693696,29.62656759,480291218101,-98.40650211,29.5949191,1.0,3
480291809011,-98.54008219,29.48916908,480291918194,-98.46238919,29.64402611,5.0,4
480291918121,-98.48725953,29.65851703,480291211201,-98.43981074,29.55588599,4.0,4
480291720024,-98.77967167,29.40124974,480291719203,-98.67246549,29.39974823,3.0,2
480291720024,-98.77967167,29.40124974,480291404003,-98.47064246,29.39420973,17.0,2
480291720024,-98.77967167,29.40124974,480291816023,-98.60651254,29.45839997,1.0,2
480291719203,-98.67246549,29.39974823,480291719191,-98.68610208,29.39109916,2.0,2
480291719203,-98.67246549,29.39974823,480291817163,-98.68852773,29.51599067,1.0,2
480291720022,-98.72279562,29.42145263,480291404003,-98.47064246,29.39420973,2.0,2
480291720022,-98.72279562,29.42145263,480291816023,-98.60651254,29.45839997,1.0,2
480291817271,-98.6413674,29.47222235,480291816012,-98.60889788,29.47001015,14.0,9
480291817271,-98.6413674,29.47222235,480291618021,-98.66158799,29.34327666,3.0,9
480291918141,-98.46661257,29.70278387,480291318022,-98.2685432,29.44780136,10.0,1
480291316153,-98.34549369,29.45810787,480291316152,-98.35331112,29.47032692,12.0,1
480291316153,-98.34549369,29.45810787,480291315061,-98.37406389,29.43784148,29.0,1
480291316153,-98.34549369,29.45810787,480291318022,-98.2685432,29.44780136,3.0,1
480291316153,-98.34549369,29.45810787,480291316151,-98.35942286,29.48388396,9.0,1
480291316153,-98.34549369,29.45810787,480291315062,-98.36390998,29.45332246,15.0,1
480291316153,-98.34549369,29.45810787,480291215081,-98.36349969,29.50741167,3.0,1
480291316153,-98.34549369,29.45810787,480291215072,-98.36588139,29.51577132,4.0,1
480291316153,-98.34549369,29.45810787,480291718023,-98.62661357,29.40829385,3.0,1
480291316153,-98.34549369,29.45810787,480291316091,-98.32938426,29.50520467,1.0,1
480291316153,-98.34549369,29.45810787,480291316162,-98.33441593,29.48400076,1.0,1
480291316153,-98.34549369,29.45810787,480291216012,-98.3125169,29.55158236,5.0,1
480291316152,-98.35331112,29.47032692,480291318021,-98.33564759,29.41692799,3.0,1
480291316152,-98.35331112,29.47032692,480291316061,-98.30438609,29.48122675,1.0,1
480291316152,-98.35331112,29.47032692,480291315051,-98.36736389,29.47390001,1.0,1
480291817163,-98.68852773,29.51599067,480291817221,-98.68046517,29.51307741,1.0,2
480291915041,-98.56503752,29.58857746,480291918072,-98.58139828,29.61150958,28.0,3
480291915041,-98.56503752,29.58857746,480291719181,-98.70156648,29.46216858,3.0,3
480291111004,-98.48276382,29.43892431,480291316093,-98.32421215,29.50124004,2.0,1
480291111004,-98.48276382,29.43892431,480291508002,-98.47338991,29.36004675,30.0,1
480291316093,-98.32421215,29.50124004,480291316161,-98.32147678,29.48096425,3.0,1
480291316093,-98.32421215,29.50124004,480291316092,-98.33311451,29.50101696,1.0,1
480291316093,-98.32421215,29.50124004,480291315043,-98.38964712,29.44763797,1.0,1
480291110002,-98.46886788,29.43840769,480291304014,-98.45453119,29.40964482,1.0,9
480291821061,-98.71935422,29.59328143,480291817051,-98.62257086,29.48418233,19.0,2
480291821061,-98.71935422,29.59328143,480291816011,-98.59780842,29.47912346,2.0,2
480291817051,-98.62257086,29.48418233,480291218125,-98.37531468,29.59200645,12.0,2
480291817051,-98.62257086,29.48418233,480291821062,-98.7202094,29.55031997,8.0,2
480913107062,-98.49085125,29.77008857,480291520001,-98.53415181,29.28329328,1.0,14
480291520001,-98.53415181,29.28329328,480291519002,-98.48638729,29.29162038,1.0,14
480291520001,-98.53415181,29.28329328,480291517001,-98.48847636,29.32690844,3.0,14
480291914052,-98.52844963,29.56347761,480291918072,-98.58139828,29.61150958,4.0,3
480291915062,-98.53805468,29.55385499,480291923001,-98.49257241,29.55429029,21.0,4
480291915062,-98.53805468,29.55385499,480291914063,-98.51494351,29.59990274,6.0,4
480291915062,-98.53805468,29.55385499,480291915042,-98.55576058,29.57478763,11.0,4
480291915062,-98.53805468,29.55385499,480291912012,-98.49726226,29.54078761,4.0,4
480291915062,-98.53805468,29.55385499,480291912024,-98.5105098,29.53906943,3.0,4
480291915062,-98.53805468,29.55385499,480291912011,-98.50413723,29.54371836,5.0,4
480291915062,-98.53805468,29.55385499,480291918162,-98.50626173,29.61689978,1.0,4
480291915062,-98.53805468,29.55385499,480291911021,-98.51195176,29.51694884,9.0,4
480291316161,-98.32147678,29.48096425,480291316162,-98.33441593,29.48400076,5.0,1
480291316161,-98.32147678,29.48096425,480291316101,-98.32166524,29.49288829,8.0,1
480291316161,-98.32147678,29.48096425,480291216012,-98.3125169,29.55158236,2.0,1
480291316161,-98.32147678,29.48096425,480291316151,-98.35942286,29.48388396,2.0,1
480291316161,-98.32147678,29.48096425,480291315062,-98.36390998,29.45332246,5.0,1
480291316161,-98.32147678,29.48096425,480291211161,-98.46976478,29.58824704,1.0,1
480291316161,-98.32147678,29.48096425,480291315061,-98.37406389,29.43784148,1.0,1
480291316161,-98.32147678,29.48096425,480291216041,-98.31137125,29.5404526,1.0,1
480291918072,-98.58139828,29.61150958,480291211101,-98.41675509,29.59009857,20.0,3
480291918072,-98.58139828,29.61150958,480291818263,-98.63692892,29.56033186,40.0,3
480291918072,-98.58139828,29.61150958,480291918073,-98.60713987,29.64261148,6.0,3
480291918072,-98.58139828,29.61150958,480291820012,-98.6538036,29.57601728,20.0,3
480291918072,-98.58139828,29.61150958,480291820021,-98.66859614,29.61278153,31.0,3
480291918072,-98.58139828,29.61150958,480291914133,-98.52291239,29.56841614,12.0,3
480291918072,-98.58139828,29.61150958,480291914053,-98.53466252,29.57284992,10.0,3
480291918072,-98.58139828,29.61150958,480291914135,-98.52113492,29.57681484,2.0,3
480291918072,-98.58139828,29.61150958,480291211152,-98.4517826,29.57575149,17.0,3
480291918072,-98.58139828,29.61150958,480291819021,-98.6389696,29.64310621,7.0,3
480291918072,-98.58139828,29.61150958,480291820031,-98.63970278,29.59664835,7.0,3
480291918072,-98.58139828,29.61150958,480291918041,-98.48186478,29.72375457,5.0,3
480291918072,-98.58139828,29.61150958,480291218092,-98.37880205,29.58016398,1.0,3
480291918072,-98.58139828,29.61150958,480291818193,-98.61345324,29.56787927,18.0,3
480291918072,-98.58139828,29.61150958,480291821022,-98.68273108,29.71810229,9.0,3
480291918072,-98.58139828,29.61150958,480291820023,-98.6560814,29.58816945,3.0,3
480291918072,-98.58139828,29.61150958,480291218101,-98.40650211,29.5949191,1.0,3
480291818203,-98.6069529,29.57580774,480291818161,-98.61036424,29.55984954,8.0,3
480291818203,-98.6069529,29.57580774,480291219092,-98.33491598,29.59502649,2.0,3
480291818203,-98.6069529,29.57580774,480291818193,-98.61345324,29.56787927,6.0,3
480291818203,-98.6069529,29.57580774,480291820012,-98.6538036,29.57601728,1.0,3
480291818203,-98.6069529,29.57580774,480291719163,-98.69778911,29.43159766,1.0,3
480291818203,-98.6069529,29.57580774,480291819021,-98.6389696,29.64310621,1.0,3
480291818203,-98.6069529,29.57580774,480291820023,-98.6560814,29.58816945,1.0,3
480291820025,-98.66660471,29.57605216,480291813022,-98.56150238,29.53835172,18.0,6
480291820025,-98.66660471,29.57605216,480291818251,-98.6596339,29.55327728,12.0,6
480291813022,-98.56150238,29.53835172,480291918042,-98.5125145,29.68669352,21.0,6
480291813022,-98.56150238,29.53835172,480291915063,-98.55228151,29.56513221,1.0,6
480291813022,-98.56150238,29.53835172,480291918091,-98.48819613,29.67351433,7.0,6
480291813022,-98.56150238,29.53835172,480291314011,-98.36950492,29.37616607,3.0,6
480291813022,-98.56150238,29.53835172,480291817154,-98.68762174,29.50075354,1.0,6
480291813022,-98.56150238,29.53835172,480291818222,-98.62215541,29.53120474,1.0,6
480291813022,-98.56150238,29.53835172,480291915052,-98.55188995,29.55291408,1.0,6
480291813022,-98.56150238,29.53835172,480291811003,-98.54607544,29.52575897,2.0,6
480291813022,-98.56150238,29.53835172,480291820022,-98.68379841,29.578462,1.0,6
480291211222,-98.42483723,29.57681916,480291218123,-98.37090032,29.58444981,15.0,18
480291211222,-98.42483723,29.57681916,480291716022,-98.6083003,29.4227684,29.0,18
480291218123,-98.37090032,29.58444981,480291218122,-98.36601269,29.58914233,5.0,18
480291817302,-98.66819805,29.49530599,480291816011,-98.59780842,29.47912346,18.0,2
480291817302,-98.66819805,29.49530599,480291817152,-98.68538679,29.49320433,4.0,2
480291817302,-98.66819805,29.49530599,480291815062,-98.61219156,29.49520834,1.0,2
480291816011,-98.59780842,29.47912346,480291720092,-98.72481466,29.45401278,3.0,2
480291816011,-98.59780842,29.47912346,480291818081,-98.5979668,29.53773175,1.0,2
480291816011,-98.59780842,29.47912346,480291219051,-98.41614117,29.65511972,5.0,2
480291816011,-98.59780842,29.47912346,480291618011,-98.64968878,29.38757215,1.0,2
480291816011,-98.59780842,29.47912346,480291719191,-98.68610208,29.39109916,2.0,2
480291816011,-98.59780842,29.47912346,480291817262,-98.69585105,29.52809978,1.0,2
480291211233,-98.4759629,29.57232586,480291719241,-98.6791753,29.45687694,12.0,8
480291211233,-98.4759629,29.57232586,480291216063,-98.33631358,29.55298784,8.0,8
480291719241,-98.6791753,29.45687694,480291719242,-98.66605625,29.4516075,14.0,8
480291719241,-98.6791753,29.45687694,480291719281,-98.6660538,29.46628726,7.0,8
480291719241,-98.6791753,29.45687694,480291719171,-98.70777557,29.44207611,33.0,8
480291719241,-98.6791753,29.45687694,480291719282,-98.66191515,29.47588847,7.0,8
480291818192,-98.60086027,29.56729765,480291818264,-98.63820915,29.55153539,1.0,5
480291818192,-98.60086027,29.56729765,480291812003,-98.53424375,29.53892924,1.0,5
480291818192,-98.60086027,29.56729765,480291818152,-98.59287741,29.55196271,2.0,5
480291818192,-98.60086027,29.56729765,480291815052,-98.60703815,29.5005477,1.0,5
480291818192,-98.60086027,29.56729765,480291818093,-98.62250199,29.55004696,1.0,5
480291818192,-98.60086027,29.56729765,480291818162,-98.60716391,29.55409366,2.0,5
480291316061,-98.30438609,29.48122675,480291315062,-98.36390998,29.45332246,1.0,1
480291316061,-98.30438609,29.48122675,480291316151,-98.35942286,29.48388396,1.0,1
480291316061,-98.30438609,29.48122675,480291211161,-98.46976478,29.58824704,1.0,1
480291316061,-98.30438609,29.48122675,480291318022,-98.2685432,29.44780136,5.0,1
480291316061,-98.30438609,29.48122675,480291209011,-98.44385701,29.51931155,4.0,1
480291316061,-98.30438609,29.48122675,480291216013,-98.30331485,29.54412298,2.0,1
480291316061,-98.30438609,29.48122675,480291316091,-98.32938426,29.50520467,1.0,1
480291315062,-98.36390998,29.45332246,480291318021,-98.33564759,29.41692799,1.0,1
480291315062,-98.36390998,29.45332246,480291316062,-98.29365498,29.5012871,1.0,1
480291909011,-98.50286126,29.51355561,480291912012,-98.49726226,29.54078761,4.0,4
480291909011,-98.50286126,29.51355561,480291909021,-98.48746952,29.51562788,2.0,4
480291909011,-98.50286126,29.51355561,480291917022,-98.48070841,29.60475591,1.0,4
480291909011,-98.50286126,29.51355561,480291923001,-98.49257241,29.55429029,1.0,4
480291909011,-98.50286126,29.51355561,480291907003,-98.4958126,29.47636215,16.0,4
480291720092,-98.72481466,29.45401278,480291605023,-98.54090979,29.40547453,1.0,2
480291719184,-98.68550311,29.44220349,480291511006,-98.5351167,29.36094706,2.0,8
480291719184,-98.68550311,29.44220349,480291817313,-98.67422435,29.49759234,1.0,8
480291719184,-98.68550311,29.44220349,480291719141,-98.67809801,29.4305092,1.0,8
480291912024,-98.5105098,29.53906943,480291219053,-98.44738538,29.64297507,6.0,4
480291219053,-98.44738538,29.64297507,480291219042,-98.43579771,29.64093076,14.0,4
480291219053,-98.44738538,29.64297507,480291219032,-98.43618678,29.6213617,16.0,4
480291219053,-98.44738538,29.64297507,480291918194,-98.46238919,29.64402611,8.0,4
480291219053,-98.44738538,29.64297507,480291219041,-98.45138507,29.63306319,9.0,4
480291219053,-98.44738538,29.64297507,480291211193,-98.45659821,29.55420502,1.0,4
480291219053,-98.44738538,29.64297507,480291918162,-98.50626173,29.61689978,4.0,4
480291719181,-98.70156648,29.46216858,480291719121,-98.68639924,29.48048595,6.0,3
480291719181,-98.70156648,29.46216858,480913107061,-98.56709968,29.77447985,16.0,3
480291719181,-98.70156648,29.46216858,480291820021,-98.66859614,29.61278153,8.0,3
480291719181,-98.70156648,29.46216858,480291211152,-98.4517826,29.57575149,1.0,3
480291719181,-98.70156648,29.46216858,480291219092,-98.33491598,29.59502649,1.0,3
480291719181,-98.70156648,29.46216858,480291820012,-98.6538036,29.57601728,1.0,3
480291809023,-98.53004314,29.51044906,480291212062,-98.38978119,29.55790544,32.0,12
480291915061,-98.54538499,29.56577404,480291615042,-98.61518778,29.35110218,18.0,16
480291915061,-98.54538499,29.56577404,480291914112,-98.50983506,29.56945949,1.0,16
480291615042,-98.61518778,29.35110218,480291315033,-98.38433214,29.46723868,30.0,16
480291218031,-98.36233225,29.55471443,480291215011,-98.3558846,29.54672102,6.0,14
480291719281,-98.6660538,29.46628726,480291719221,-98.68839564,29.41132398,20.0,8
480291719281,-98.6660538,29.46628726,480291817301,-98.67315099,29.48974702,11.0,8
480291719281,-98.6660538,29.46628726,480291717003,-98.63735062,29.4207473,1.0,8
480291821022,-98.68273108,29.71810229,480291918071,-98.62197732,29.66519822,3.0,3
480291821022,-98.68273108,29.71810229,480291719122,-98.67353089,29.48125906,12.0,3
480291211153,-98.45794073,29.57065844,480291807022,-98.57461231,29.49294665,7.0,10
480291211153,-98.45794073,29.57065844,480291211173,-98.45377356,29.59088128,7.0,10
480291211153,-98.45794073,29.57065844,480291211151,-98.45045514,29.58150718,10.0,10
480291807022,-98.57461231,29.49294665,480291815051,-98.61243637,29.50492271,6.0,10
480291807022,-98.57461231,29.49294665,480291514004,-98.51353862,29.35316404,2.0,10
480291807022,-98.57461231,29.49294665,480291801021,-98.52981901,29.46510667,1.0,10
480291807022,-98.57461231,29.49294665,480291807011,-98.56222175,29.49496596,2.0,10
480291318021,-98.33564759,29.41692799,480291318022,-98.2685432,29.44780136,5.0,1
480291318021,-98.33564759,29.41692799,480291923002,-98.50185863,29.56943292,12.0,1
480291318021,-98.33564759,29.41692799,480291508002,-98.47338991,29.36004675,6.0,1
480291318021,-98.33564759,29.41692799,480291211164,-98.45725014,29.58440104,7.0,1
480291318021,-98.33564759,29.41692799,480291516003,-98.49348851,29.33722537,11.0,1
480291318021,-98.33564759,29.41692799,480291315061,-98.37406389,29.43784148,2.0,1
480291318021,-98.33564759,29.41692799,480291817132,-98.6407525,29.48379058,2.0,1
480291318021,-98.33564759,29.41692799,480291603002,-98.52619419,29.38793754,1.0,1
480291318021,-98.33564759,29.41692799,480291211161,-98.46976478,29.58824704,3.0,1
480291318021,-98.33564759,29.41692799,480291419001,-98.32678866,29.36955721,1.0,1
480291318021,-98.33564759,29.41692799,480291216013,-98.30331485,29.54412298,9.0,1
480291318021,-98.33564759,29.41692799,480291213001,-98.37748204,29.52645983,5.0,1
480291318021,-98.33564759,29.41692799,480291216041,-98.31137125,29.5404526,4.0,1
480291318021,-98.33564759,29.41692799,480291216044,-98.32102648,29.52968249,1.0,1
480291318021,-98.33564759,29.41692799,480291316101,-98.32166524,29.49288829,1.0,1
480291719201,-98.67061449,29.4137007,480291906032,-98.50357761,29.47032251,2.0,2
480291719201,-98.67061449,29.4137007,480291111003,-98.48964088,29.44543596,1.0,2
480291719201,-98.67061449,29.4137007,480291902002,-98.48929518,29.44997253,1.0,2
480291817313,-98.67422435,29.49759234,480291817112,-98.64758234,29.50440362,36.0,8
480291817313,-98.67422435,29.49759234,480291817301,-98.67315099,29.48974702,3.0,8
480291817112,-98.64758234,29.50440362,480291817111,-98.65780624,29.50632068,23.0,8
480291817112,-98.64758234,29.50440362,480291719183,-98.67322198,29.44294252,1.0,8
480291817112,-98.64758234,29.50440362,480291719282,-98.66191515,29.47588847,6.0,8
480291911023,-98.5199259,29.51449921,480291818151,-98.60139306,29.54784741,6.0,14
480291911023,-98.5199259,29.51449921,480291912023,-98.50805853,29.5287815,1.0,14
480291911023,-98.5199259,29.51449921,480291218112,-98.39037182,29.5915211,3.0,14
480291911023,-98.5199259,29.51449921,480291215011,-98.3558846,29.54672102,2.0,14
480291517001,-98.48847636,29.32690844,480291609013,-98.5400501,29.37200209,28.0,14
480291815041,-98.5947169,29.50935477,480291817032,-98.64556498,29.52505226,1.0,5
480291218101,-98.40650211,29.5949191,480291218111,-98.3952112,29.59826299,3.0,3
480291218101,-98.40650211,29.5949191,480291216062,-98.33231111,29.56016709,2.0,3
480291218101,-98.40650211,29.5949191,480291211102,-98.41478993,29.57445654,2.0,3
480291218111,-98.3952112,29.59826299,480291719142,-98.68434569,29.43312286,29.0,3
480291218111,-98.3952112,29.59826299,480291211101,-98.41675509,29.59009857,27.0,3
480291218111,-98.3952112,29.59826299,480291218124,-98.35864119,29.59325643,1.0,3
480291218111,-98.3952112,29.59826299,480291219092,-98.33491598,29.59502649,8.0,3
480291218111,-98.3952112,29.59826299,480291918041,-98.48186478,29.72375457,1.0,3
480291213002,-98.39135198,29.5160674,480291212063,-98.39524458,29.55384361,39.0,11
480291213002,-98.39135198,29.5160674,480291817231,-98.67853589,29.51761981,16.0,11
480291213002,-98.39135198,29.5160674,480291908001,-98.48487542,29.47019867,2.0,11
480291213002,-98.39135198,29.5160674,480291214021,-98.36546491,29.49635294,1.0,11
480291917021,-98.50423461,29.59760691,480291211173,-98.45377356,29.59088128,2.0,10
480291817182,-98.67192864,29.5268797,480291607013,-98.57083774,29.40278209,33.0,17
480291607013,-98.57083774,29.40278209,480291805012,-98.58294445,29.46710628,2.0,17
480291609013,-98.5400501,29.37200209,480291918192,-98.48541809,29.63837441,1.0,14
480291216013,-98.30331485,29.54412298,480291217011,-98.30282248,29.55581667,4.0,1
480291216013,-98.30331485,29.54412298,480291215083,-98.35089819,29.50339164,22.0,1
480291216013,-98.30331485,29.54412298,480291219112,-98.43967246,29.67799743,1.0,1
480291216013,-98.30331485,29.54412298,480291217023,-98.31655744,29.56100698,2.0,1
480291216013,-98.30331485,29.54412298,480291217021,-98.30952532,29.57152317,7.0,1
480291216013,-98.30331485,29.54412298,480291316062,-98.29365498,29.5012871,10.0,1
480291216013,-98.30331485,29.54412298,480291216045,-98.30979896,29.53431459,2.0,1
480291216013,-98.30331485,29.54412298,480291216042,-98.31807248,29.53404856,3.0,1
480291216013,-98.30331485,29.54412298,480291211181,-98.44825381,29.60094965,1.0,1
480291316121,-98.32142959,29.46477912,480291207012,-98.47288911,29.51249936,28.0,11
480291316121,-98.32142959,29.46477912,480291214033,-98.38531605,29.5040055,24.0,11
480291316121,-98.32142959,29.46477912,480291215053,-98.33274456,29.52243751,2.0,11
480291316121,-98.32142959,29.46477912,480291215044,-98.35273561,29.52529059,1.0,11
480291818162,-98.60716391,29.55409366,480291818142,-98.58457101,29.57674687,6.0,5
480291818162,-98.60716391,29.55409366,480291818181,-98.60870268,29.52695336,9.0,5
480291818162,-98.60716391,29.55409366,480291501004,-98.50558905,29.40729972,1.0,5
480291818142,-98.58457101,29.57674687,480291915032,-98.57784611,29.58269574,11.0,5
480291818142,-98.58457101,29.57674687,480291915031,-98.56812603,29.56579423,1.0,5
480291719282,-98.66191515,29.47588847,480291719292,-98.65268754,29.46508435,8.0,8
480291719282,-98.66191515,29.47588847,480291719132,-98.67208354,29.42930442,5.0,8
480291719282,-98.66191515,29.47588847,480291719033,-98.65973785,29.39949542,11.0,8
480291219032,-98.43618678,29.6213617,480291705004,-98.51985867,29.44683026,5.0,4
480291913031,-98.47878653,29.55349578,480291207012,-98.47288911,29.51249936,16.0,11
480291913031,-98.47878653,29.55349578,480291217022,-98.3242212,29.56893368,1.0,11
480291211223,-98.42412542,29.56848176,480291211122,-98.4129068,29.5656164,37.0,10
480291211223,-98.42412542,29.56848176,480291211173,-98.45377356,29.59088128,21.0,10
480291211223,-98.42412542,29.56848176,480291218081,-98.39717907,29.58009562,1.0,10
480291211223,-98.42412542,29.56848176,480291211151,-98.45045514,29.58150718,1.0,10
480291211122,-98.4129068,29.5656164,480291211202,-98.42970181,29.56001618,1.0,10
480291719234,-98.65197092,29.45476403,480291618021,-98.66158799,29.34327666,2.0,9
480291211173,-98.45377356,29.59088128,480291211183,-98.44320178,29.58852699,11.0,10
480291211173,-98.45377356,29.59088128,480291918064,-98.5366633,29.62233797,7.0,10
480291211173,-98.45377356,29.59088128,480291211172,-98.46642144,29.5957086,6.0,10
480291211173,-98.45377356,29.59088128,480291211221,-98.43035285,29.58040517,3.0,10
480291315061,-98.37406389,29.43784148,480291612001,-98.6078407,29.29840691,4.0,1
480291315061,-98.37406389,29.43784148,480291315043,-98.38964712,29.44763797,6.0,1
480291315061,-98.37406389,29.43784148,480291216042,-98.31807248,29.53404856,1.0,1
480291315061,-98.37406389,29.43784148,480291315051,-98.36736389,29.47390001,1.0,1
480291208002,-98.45539165,29.49853594,480291206021,-98.44774127,29.48733022,11.0,7
480291208002,-98.45539165,29.49853594,480291207014,-98.45955951,29.51310055,1.0,7
480291206021,-98.44774127,29.48733022,480291218023,-98.35380739,29.58024623,12.0,7
480291206021,-98.44774127,29.48733022,480291204023,-98.45028467,29.48238406,9.0,7
480291206021,-98.44774127,29.48733022,480291204022,-98.45539939,29.47510544,1.0,7
480291206021,-98.44774127,29.48733022,480291209022,-98.42855947,29.50322506,3.0,7
480291206021,-98.44774127,29.48733022,480291206024,-98.44520274,29.49311318,1.0,7
480291206021,-98.44774127,29.48733022,480291203011,-98.46289138,29.49057127,1.0,7
480291206021,-98.44774127,29.48733022,480291206022,-98.45677553,29.49004812,1.0,7
480291206021,-98.44774127,29.48733022,480291912013,-98.49930386,29.53568515,1.0,7
480291316151,-98.35942286,29.48388396,480291315051,-98.36736389,29.47390001,6.0,1
480291316151,-98.35942286,29.48388396,480291217011,-98.30282248,29.55581667,10.0,1
480291316151,-98.35942286,29.48388396,480291316092,-98.33311451,29.50101696,1.0,1
480291316151,-98.35942286,29.48388396,480291215064,-98.33482515,29.51728547,3.0,1
480291316151,-98.35942286,29.48388396,480291315043,-98.38964712,29.44763797,1.0,1
480291316151,-98.35942286,29.48388396,480291316062,-98.29365498,29.5012871,3.0,1
480291316151,-98.35942286,29.48388396,480291919001,-98.47704049,29.42730965,2.0,1
480291316151,-98.35942286,29.48388396,480291216045,-98.30979896,29.53431459,1.0,1
480291919001,-98.47704049,29.42730965,480291103002,-98.48479783,29.41044533,1.0,1
480291919001,-98.47704049,29.42730965,480291401001,-98.48350405,29.40528105,2.0,1
480291919001,-98.47704049,29.42730965,480291315042,-98.3898395,29.45674721,1.0,1
480291214022,-98.37734593,29.48571671,480291214023,-98.36575582,29.48974813,3.0,13
480291314014,-98.38544738,29.37968343,480291413002,-98.41792922,29.38141742,1.0,2
480291210001,-98.43982396,29.5313134,480291209011,-98.44385701,29.51931155,18.0,1
480291209011,-98.44385701,29.51931155,480291208005,-98.43898367,29.51036597,5.0,1
480291209011,-98.44385701,29.51931155,480291208007,-98.44652412,29.50020137,3.0,1
480291817033,-98.65630686,29.5245256,480291818242,-98.63935873,29.56739192,1.0,2
480291719124,-98.67801865,29.48109942,480291719231,-98.64045635,29.45593191,2.0,10
480291719124,-98.67801865,29.48109942,480291211183,-98.44320178,29.58852699,13.0,10
480291719124,-98.67801865,29.48109942,480291817122,-98.66184966,29.48956675,1.0,10
480291211183,-98.44320178,29.58852699,480291211151,-98.45045514,29.58150718,1.0,10
480291211183,-98.44320178,29.58852699,480291506004,-98.51457241,29.37480271,1.0,10
480291315051,-98.36736389,29.47390001,480291315042,-98.3898395,29.45674721,1.0,1
480291315051,-98.36736389,29.47390001,480291314013,-98.37176909,29.39113818,1.0,1
480291315051,-98.36736389,29.47390001,480291316162,-98.33441593,29.48400076,7.0,1
480291315051,-98.36736389,29.47390001,480291310002,-98.40935527,29.41614057,7.0,1
480291318022,-98.2685432,29.44780136,480291217021,-98.30952532,29.57152317,22.0,1
480291318022,-98.2685432,29.44780136,480291211112,-98.40049972,29.57001023,4.0,1
480291318022,-98.2685432,29.44780136,480291219112,-98.43967246,29.67799743,2.0,1
480291318022,-98.2685432,29.44780136,480291316062,-98.29365498,29.5012871,1.0,1
480291217021,-98.30952532,29.57152317,480291213001,-98.37748204,29.52645983,1.0,1
480291217021,-98.30952532,29.57152317,480291216041,-98.31137125,29.5404526,1.0,1
480291217021,-98.30952532,29.57152317,480291216012,-98.3125169,29.55158236,2.0,1
480291217021,-98.30952532,29.57152317,480291316101,-98.32166524,29.49288829,1.0,1
480291214021,-98.36546491,29.49635294,480291217022,-98.3242212,29.56893368,23.0,11
480291214021,-98.36546491,29.49635294,480291214033,-98.38531605,29.5040055,21.0,11
480291214021,-98.36546491,29.49635294,480291210002,-98.43789402,29.53831635,3.0,11
480291214021,-98.36546491,29.49635294,480291213003,-98.38425139,29.51698732,1.0,11
480291217022,-98.3242212,29.56893368,480291215012,-98.34736789,29.53714932,1.0,11
480291217022,-98.3242212,29.56893368,480291211113,-98.3919644,29.57180163,2.0,11
480291218102,-98.40082954,29.58509043,480291215044,-98.35273561,29.52529059,31.0,11
480291218102,-98.40082954,29.58509043,480291210002,-98.43789402,29.53831635,28.0,11
480291816022,-98.60634834,29.46356766,480291211152,-98.4517826,29.57575149,1.0,3
480291818152,-98.59287741,29.55196271,480291814041,-98.58444186,29.52870974,3.0,5
480291818152,-98.59287741,29.55196271,480291818202,-98.62577781,29.57106385,1.0,5
480291211161,-98.46976478,29.58824704,480291203024,-98.47546384,29.48756015,4.0,1
480291817181,-98.66515886,29.52607185,480291818111,-98.63296581,29.52207074,5.0,3
480291720052,-98.7366498,29.49380488,480291817152,-98.68538679,29.49320433,1.0,2
480291719191,-98.68610208,29.39109916,480291817221,-98.68046517,29.51307741,8.0,2
480291719191,-98.68610208,29.39109916,480291719291,-98.66085347,29.46615853,4.0,2
480291719191,-98.68610208,29.39109916,480291714021,-98.57806786,29.44392237,1.0,2
480291719191,-98.68610208,29.39109916,480291505022,-98.52058634,29.37277956,1.0,2
480291218125,-98.37531468,29.59200645,480291815062,-98.61219156,29.49520834,1.0,2
480291911021,-98.51195176,29.51694884,480291207013,-98.46859506,29.51085501,13.0,4
480291207013,-98.46859506,29.51085501,480291203023,-98.47288956,29.483894,3.0,4
480291918073,-98.60713987,29.64261148,480291918071,-98.62197732,29.66519822,13.0,3
480291218042,-98.37530419,29.56322175,480291212061,-98.38540064,29.56100001,10.0,10
480291211113,-98.3919644,29.57180163,480291212051,-98.40552478,29.54330922,2.0,11
480291211113,-98.3919644,29.57180163,480291210002,-98.43789402,29.53831635,5.0,11
480291918122,-98.48884783,29.64789914,480291206011,-98.4352342,29.48954978,3.0,7
480291918122,-98.48884783,29.64789914,480291110003,-98.474658,29.44254282,11.0,7
480291206011,-98.4352342,29.48954978,480291818172,-98.62095821,29.50803633,40.0,7
480291206011,-98.4352342,29.48954978,480291204021,-98.44798184,29.47399546,13.0,7
480291206011,-98.4352342,29.48954978,480291908002,-98.48784886,29.4782064,7.0,7
480291212063,-98.39524458,29.55384361,480291212051,-98.40552478,29.54330922,1.0,11
480291211101,-98.41675509,29.59009857,480291211102,-98.41478993,29.57445654,1.0,3
480291211101,-98.41675509,29.59009857,480291210004,-98.45092942,29.52331259,3.0,3
480291407001,-98.4519409,29.38803743,480291508002,-98.47338991,29.36004675,10.0,1
480291215044,-98.35273561,29.52529059,480291215071,-98.34831765,29.5174683,2.0,11
480291219092,-98.33491598,29.59502649,480291414021,-98.41434574,29.34482422,3.0,3
480291219092,-98.33491598,29.59502649,480291218041,-98.3734516,29.57204955,3.0,3
480291219092,-98.33491598,29.59502649,480291210006,-98.44695722,29.52750389,1.0,3
480291219092,-98.33491598,29.59502649,480291216062,-98.33231111,29.56016709,1.0,3
480291219092,-98.33491598,29.59502649,480291215074,-98.35249577,29.51495269,1.0,3
480291216011,-98.32006974,29.55406639,480913108014,-98.30743136,29.67936316,6.0,12
480291216011,-98.32006974,29.55406639,480291216052,-98.32711216,29.54620214,19.0,12
480291817262,-98.69585105,29.52809978,480291906031,-98.50360494,29.47730477,1.0,2
480291817262,-98.69585105,29.52809978,480291512004,-98.54643324,29.33215252,1.0,2
480291818161,-98.61036424,29.55984954,480291615031,-98.62907686,29.36327298,1.0,3
480291215043,-98.36379104,29.53139294,480291216062,-98.33231111,29.56016709,9.0,3
480291214033,-98.38531605,29.5040055,480291817231,-98.67853589,29.51761981,11.0,11
480291514002,-98.50735304,29.3481428,480291511001,-98.51969854,29.36105265,8.0,6
480291514002,-98.50735304,29.3481428,480291314021,-98.38203493,29.39278485,8.0,6
480291818172,-98.62095821,29.50803633,480291806043,-98.57212905,29.4855392,6.0,7
480291923002,-98.50185863,29.56943292,480291219112,-98.43967246,29.67799743,1.0,1
480291316102,-98.31384965,29.49719406,480291214023,-98.36575582,29.48974813,26.0,13
480291214023,-98.36575582,29.48974813,480291315073,-98.36460551,29.46470191,1.0,13
480291214023,-98.36575582,29.48974813,480291214031,-98.37646812,29.50266768,6.0,13
480291816021,-98.6181914,29.45774582,480291817053,-98.61434555,29.47618822,3.0,12
480291204021,-98.44798184,29.47399546,480291110003,-98.474658,29.44254282,19.0,7
480291212062,-98.38978119,29.55790544,480291809014,-98.53720993,29.50709229,2.0,12
480291212062,-98.38978119,29.55790544,480291215073,-98.35855323,29.51690746,2.0,12
480291208001,-98.45152944,29.51079186,480291205021,-98.40293633,29.50057156,19.0,7
480291208001,-98.45152944,29.51079186,480291207014,-98.45955951,29.51310055,4.0,7
480291208001,-98.45152944,29.51079186,480291717004,-98.63994506,29.42480013,1.0,7
480291218033,-98.37087263,29.55846551,480291210002,-98.43789402,29.53831635,31.0,11
480291210002,-98.43789402,29.53831635,480291211232,-98.46962605,29.56389545,23.0,11
480291918094,-98.48350815,29.68589081,480291211164,-98.45725014,29.58440104,3.0,1
480291211164,-98.45725014,29.58440104,480291211242,-98.46568017,29.56598347,2.0,1
480291314021,-98.38203493,29.39278485,480291218032,-98.36888353,29.55116372,4.0,6
480291314021,-98.38203493,29.39278485,480291817154,-98.68762174,29.50075354,3.0,6
480291314021,-98.38203493,29.39278485,480291914131,-98.53135203,29.5785937,6.0,6
480291314021,-98.38203493,29.39278485,480291314011,-98.36950492,29.37616607,4.0,6
480291817252,-98.62963799,29.47311825,480291818191,-98.60316488,29.57055511,2.0,5
480291719132,-98.67208354,29.42930442,480291719183,-98.67322198,29.44294252,2.0,8
480291902003,-98.48744097,29.45495176,480291203022,-98.47163419,29.4798339,2.0,7
480291818251,-98.6596339,29.55327728,480291818262,-98.64343039,29.55317356,11.0,6
480291818251,-98.6596339,29.55327728,480291817211,-98.67049432,29.54317189,16.0,6
480291818251,-98.6596339,29.55327728,480291314011,-98.36950492,29.37616607,6.0,6
480291818251,-98.6596339,29.55327728,480291815043,-98.599239,29.50377468,4.0,6
480291818251,-98.6596339,29.55327728,480291817183,-98.67945345,29.53085661,2.0,6
480291817322,-98.70185961,29.51348848,480291812005,-98.54604458,29.5383277,1.0,5
480291219123,-98.42748374,29.66541686,480291215074,-98.35249577,29.51495269,1.0,3
480291719242,-98.66605625,29.4516075,480291720091,-98.74072216,29.43159027,1.0,8
480291219061,-98.44900811,29.6182356,480291810033,-98.5609489,29.52262913,2.0,2
480291214031,-98.37646812,29.50266768,480291219101,-98.38760432,29.61863247,3.0,13
480291807023,-98.58645325,29.48930433,480291802014,-98.52973328,29.47232197,1.0,7
480291807023,-98.58645325,29.48930433,480291806043,-98.57212905,29.4855392,10.0,7
480291719163,-98.69778911,29.43159766,480291615031,-98.62907686,29.36327298,5.0,3
480291918152,-98.50151243,29.63069988,480291918132,-98.49634873,29.63974904,2.0,9
480291211181,-98.44825381,29.60094965,480291505023,-98.52678532,29.37007594,4.0,1
480291211181,-98.44825381,29.60094965,480291216041,-98.31137125,29.5404526,16.0,1
480913107061,-98.56709968,29.77447985,480291918071,-98.62197732,29.66519822,2.0,3
480291817211,-98.67049432,29.54317189,480291506003,-98.50847979,29.37121655,15.0,6
480291817211,-98.67049432,29.54317189,480291817164,-98.6934586,29.49398915,4.0,6
480291811001,-98.55389017,29.53496126,480291818264,-98.63820915,29.55153539,1.0,5
480291811001,-98.55389017,29.53496126,480291813012,-98.55529215,29.54526027,1.0,5
480291811001,-98.55389017,29.53496126,480291812005,-98.54604458,29.5383277,1.0,5
480291811001,-98.55389017,29.53496126,480291813023,-98.56734475,29.5437907,1.0,5
480291817031,-98.65282928,29.5357976,480291817232,-98.67430386,29.52142192,3.0,5
480291612001,-98.6078407,29.29840691,480291613022,-98.61435691,29.33745771,3.0,1
480291602002,-98.5202132,29.39812773,480291414022,-98.41674587,29.351703,8.0,6
480291815054,-98.59742938,29.49591163,480291718023,-98.62661357,29.40829385,1.0,1
480291818181,-98.60870268,29.52695336,480291818264,-98.63820915,29.55153539,1.0,5
480291505023,-98.52678532,29.37007594,480291211114,-98.39978745,29.55914781,7.0,1
480291818081,-98.5979668,29.53773175,480291814031,-98.57723969,29.52450666,1.0,2
480291818081,-98.5979668,29.53773175,480291818094,-98.62082375,29.5472429,1.0,2
480291217011,-98.30282248,29.55581667,480291216012,-98.3125169,29.55158236,3.0,1
480291806043,-98.57212905,29.4855392,480291911011,-98.52592759,29.52941713,8.0,7
480291211211,-98.43027523,29.59142696,480291215081,-98.36349969,29.50741167,2.0,1
480291203012,-98.46190981,29.47805049,480291910043,-98.51149732,29.49535262,1.0,13
480291203012,-98.46190981,29.47805049,480291205043,-98.41311998,29.48784844,1.0,13
480291817301,-98.67315099,29.48974702,480291719183,-98.67322198,29.44294252,1.0,8
480291511006,-98.5351167,29.36094706,480291512005,-98.54238898,29.33973886,1.0,8
480291511006,-98.5351167,29.36094706,480291511002,-98.52733821,29.36081628,2.0,8
480291511006,-98.5351167,29.36094706,480291611002,-98.55813858,29.34283126,1.0,8
480291918071,-98.62197732,29.66519822,480291821013,-98.62934152,29.73131173,1.0,3
480291918071,-98.62197732,29.66519822,480291914133,-98.52291239,29.56841614,1.0,3
480291217023,-98.31655744,29.56100698,480291216012,-98.3125169,29.55158236,24.0,1
480291217023,-98.31655744,29.56100698,480291215013,-98.34201939,29.53134145,12.0,1
480291217023,-98.31655744,29.56100698,480291216061,-98.34228711,29.55654402,3.0,1
480291217023,-98.31655744,29.56100698,480291316101,-98.32166524,29.49288829,1.0,1
480291216012,-98.3125169,29.55158236,480291215051,-98.32791244,29.52756647,3.0,1
480291216012,-98.3125169,29.55158236,480913108012,-98.30469946,29.6322046,2.0,1
480291719151,-98.68366368,29.42308621,480291815062,-98.61219156,29.49520834,7.0,2
480291908002,-98.48784886,29.4782064,480291207014,-98.45955951,29.51310055,2.0,7
480291908002,-98.48784886,29.4782064,480291110003,-98.474658,29.44254282,14.0,7
480291110003,-98.474658,29.44254282,480291203022,-98.47163419,29.4798339,2.0,7
480291110003,-98.474658,29.44254282,480291204022,-98.45539939,29.47510544,3.0,7
480291110003,-98.474658,29.44254282,480291203011,-98.46289138,29.49057127,4.0,7
480291207014,-98.45955951,29.51310055,480291204022,-98.45539939,29.47510544,2.0,7
480291207014,-98.45955951,29.51310055,480291204023,-98.45028467,29.48238406,1.0,7
480291207014,-98.45955951,29.51310055,480291203021,-98.46715662,29.47364274,2.0,7
480291207014,-98.45955951,29.51310055,480291206022,-98.45677553,29.49004812,1.0,7
480291910061,-98.51354391,29.49082048,480291910031,-98.52088221,29.50523284,1.0,9
480291914133,-98.52291239,29.56841614,480291316141,-98.33923015,29.47461701,3.0,3
480291918062,-98.51512346,29.61317611,480291817053,-98.61434555,29.47618822,12.0,12
480291817053,-98.61434555,29.47618822,480291817121,-98.6574011,29.49647018,1.0,12
480291215011,-98.3558846,29.54672102,480291509004,-98.48961862,29.365825,1.0,14
480291215011,-98.3558846,29.54672102,480291209023,-98.41014078,29.5134483,1.0,14
480291821062,-98.7202094,29.55031997,480291814032,-98.5829018,29.52387852,1.0,2
480291912021,-98.50942567,29.53332948,480291906042,-98.51106122,29.47760389,1.0,14
480291211193,-98.45659821,29.55420502,480291211201,-98.43981074,29.55588599,14.0,4
480291211171,-98.46074493,29.59851165,480291211191,-98.44621075,29.56990812,1.0,5
480291911011,-98.52592759,29.52941713,480291407004,-98.46673402,29.38756498,1.0,7
480291911011,-98.52592759,29.52941713,480291206012,-98.43713369,29.48666007,1.0,7
480291211151,-98.45045514,29.58150718,480291212061,-98.38540064,29.56100001,9.0,10
480291918112,-98.51149047,29.64828883,480291218022,-98.36490549,29.57485211,2.0,4
480291316101,-98.32166524,29.49288829,480291316092,-98.33311451,29.50101696,3.0,1
480291316101,-98.32166524,29.49288829,480291315043,-98.38964712,29.44763797,1.0,1
480291316101,-98.32166524,29.49288829,480291215083,-98.35089819,29.50339164,1.0,1
480291315043,-98.38964712,29.44763797,480291909022,-98.48679186,29.50765932,1.0,1
480291315043,-98.38964712,29.44763797,480291205041,-98.40442119,29.49326686,1.0,1
480291315043,-98.38964712,29.44763797,480291403002,-98.48224256,29.38692854,1.0,1
480291314011,-98.36950492,29.37616607,480291314012,-98.37298212,29.38276969,1.0,6
480291818113,-98.64291911,29.5379915,480291618021,-98.66158799,29.34327666,1.0,9
480291818113,-98.64291911,29.5379915,480291315072,-98.37969837,29.46608504,4.0,9
480291818113,-98.64291911,29.5379915,480291818221,-98.62752458,29.52516673,1.0,9
480291618021,-98.66158799,29.34327666,480291218093,-98.38399916,29.57672968,1.0,9
480291216041,-98.31137125,29.5404526,480291216042,-98.31807248,29.53404856,1.0,1
480291216041,-98.31137125,29.5404526,480291211112,-98.40049972,29.57001023,1.0,1
480291216041,-98.31137125,29.5404526,480291316062,-98.29365498,29.5012871,1.0,1
480291216041,-98.31137125,29.5404526,480291216045,-98.30979896,29.53431459,2.0,1
480291216041,-98.31137125,29.5404526,480291215051,-98.32791244,29.52756647,1.0,1
480291401002,-98.47661975,29.40686558,480291918093,-98.4968602,29.66888475,1.0,4
480291817183,-98.67945345,29.53085661,480291802024,-98.5447729,29.47147588,1.0,6
480291718023,-98.62661357,29.40829385,480291718012,-98.6370988,29.41440965,2.0,1
480291718023,-98.62661357,29.40829385,480291817133,-98.6515883,29.48588008,1.0,1
480291718023,-98.62661357,29.40829385,480291718021,-98.63720813,29.40704576,1.0,1
480291216061,-98.34228711,29.55654402,480291216042,-98.31807248,29.53404856,1.0,1
480291815032,-98.60444467,29.51614677,480291719141,-98.67809801,29.4305092,11.0,8
480291215013,-98.34201939,29.53134145,480291216042,-98.31807248,29.53404856,1.0,1
480291215013,-98.34201939,29.53134145,480291316062,-98.29365498,29.5012871,1.0,1
480291215013,-98.34201939,29.53134145,480291215064,-98.33482515,29.51728547,1.0,1
480291215013,-98.34201939,29.53134145,480291211114,-98.39978745,29.55914781,1.0,1
480291414022,-98.41674587,29.351703,480291505013,-98.51902561,29.37899107,1.0,6
480291414022,-98.41674587,29.351703,480291506003,-98.50847979,29.37121655,14.0,6
480291211114,-98.39978745,29.55914781,480291212066,-98.4019909,29.55050257,7.0,1
480291719271,-98.66503304,29.43456852,480291818094,-98.62082375,29.5472429,1.0,2
480291215061,-98.33939794,29.5142248,480291215053,-98.33274456,29.52243751,1.0,11
480291215061,-98.33939794,29.5142248,480291315052,-98.36386539,29.47021915,1.0,11
480291219101,-98.38760432,29.61863247,480291818092,-98.62033513,29.55463922,9.0,13
480291316062,-98.29365498,29.5012871,480291316091,-98.32938426,29.50520467,1.0,1
480291918131,-98.50223145,29.64095391,480291218022,-98.36490549,29.57485211,4.0,4
480291215051,-98.32791244,29.52756647,480291714011,-98.5941504,29.4442818,3.0,1
480291207021,-98.46280831,29.50077415,480291215073,-98.35855323,29.51690746,2.0,12
480291211172,-98.46642144,29.5957086,480291516004,-98.49902006,29.34295211,1.0,10
480291206022,-98.45677553,29.49004812,480291207015,-98.46261592,29.50810979,1.0,7
480291207023,-98.47243807,29.50296092,480291920004,-98.46272087,29.45898007,3.0,7
480291207023,-98.47243807,29.50296092,480291203011,-98.46289138,29.49057127,4.0,7
480291514004,-98.51353862,29.35316404,480291506004,-98.51457241,29.37480271,19.0,10
480291514004,-98.51353862,29.35316404,480291511004,-98.5255176,29.36692601,2.0,10
480291313004,-98.40164877,29.40377382,480291310002,-98.40935527,29.41614057,2.0,1
480291818191,-98.60316488,29.57055511,480291817032,-98.64556498,29.52505226,2.0,5
480291619023,-98.71487897,29.35264467,480291517002,-98.49732275,29.3300971,5.0,5
480291918193,-98.48547576,29.63222878,480291809015,-98.54022818,29.49556878,1.0,4
480291718021,-98.63720813,29.40704576,480291704012,-98.53206528,29.44304537,1.0,1
480291211202,-98.42970181,29.56001618,480291818091,-98.62938591,29.54990791,3.0,10
480291804003,-98.57639416,29.45977845,480291706002,-98.54798592,29.44954992,1.0,19
480291216045,-98.30979896,29.53431459,480291216044,-98.32102648,29.52968249,1.0,1
